file,group,Outlying,Skewed,Clumpy,Sparse,Striated,Convex,Skinny,Stringy,Monotonic
Airline_airline_airline_41.png,0,0,0,0,0,0,0,0,0
BudgetItaly_pfood_phouse_34_invert.png,0,0.0,0.9032163593989837,0.09517844134464341,0.06799168587997222,0.225,0.07604459537507842,0.8602296960474873,0.8464454227785126,0.9982785402613247
BudgetItaly_year_income_0.2.png,0,0.0,0.5730938456511256,0.00731138846519369,0.039110431951985096,0.07836990595611286,0.6522660280810124,0.18139345016279407,0.40841193649088653,0.009820955789898432
Cigar_state_pop_40.png,0,0.08007867835084859,0.8793355228555494,0.14501480793317645,0.04680357484882626,0.3227848101265823,0.10884464830002649,0.7362376501363945,0.5684006177621581,0.0007956280290284131
Crime_prbarr_wsta_96.png,0,0.354287513680604,0.7639487178110851,0.019601577217181552,0.025490703888909002,0.03333333333333333,0.590266226728482,0.4020151336172003,0.3165573311716887,0.036162285416899836
Crime_wfir_pctymle_77.png,0,0.25493834520213154,0.8156202716578274,0.021656656056606886,0.03251488095299661,0.08530805687203792,0.20502930785657972,0.595016163381918,0.4633425790951302,0.018718724063305332
Crime_wfir_wloc_25.png,0,0.2934003059347286,0.7979847437291728,0.011157759592303222,0.03522734179899414,0.06493506493506493,0.5565244125088957,0.45886750185727165,0.42014126929667883,0.5936548732383324
Crime_year_taxpc_17.png,0,0.4946685471241381,0.9310249508070496,0.22273261782697792,0.09221538320046845,0.6126126126126126,0.5758887940174697,0.3705722520555773,0.675798349327236,0.2761430280972156
CrohnD_nrAdvE_weight_39.png,0,0.1735210215550714,0.7226020728538675,0.08227011606802706,0.09947087401511162,0.4024390243902439,0.6076533688199678,0.3437951860080395,0.5987725947521866,0.00343900401456223
Depredations_longitude_late_39.png,0,0.2081732070038176,0.8590553288842626,0.07286904348063872,0.056102769881411434,0.5214285714285715,0.5511436232466246,0.5432209689424887,0.6375120604808331,0.010704035826300383
DoctorContacts_ndisease_lfam_39.png,0,0.06289656984490773,0.6789349751901368,0.13981122144588554,0.04145893157695053,0.47549019607843135,0.2862766288341362,0.39802577056888455,0.6635618998628259,0.007870510033830703
Fatality_year_mlda_13.png,0,0.0,0.11781682038719954,0.036111478186072854,0.15232069132754286,0.05128205128205128,0.13739643564727427,0.591540750839174,0.32801672885317157,0.17076610357927388
Fishing_ccharter_income_40.png,0,0.0,0.6697081305044373,0.12614132167689218,0.05218737387106254,0.38823529411764707,0.18689405359146927,0.6369723382038939,0.5643563394847393,0.0022525237979409423
Fishing_ppier_cpier_40.png,0,0.29065415549680024,0.8588796801611781,0.3211659784483568,0.03287965152498074,0.5,0.05465456009891952,0.7048031156581165,0.8325491032871006,0.0031013117872104486
GaltonFamilies_midparentHeight_children_39.png,0,0.12700749567302927,0.6868186313213781,0.05351170568561873,0.05846496557209076,0.38235294117647056,0.5831687593914899,0.34631099409213306,0.5396698447636942,0.0015035921677578618
Garch_date_sf_36.png,0,0.0,0.5976508554770351,0.223192839758229,0.01656176220772125,0.3010752688172043,0.006423074229398697,0.8958906629482748,0.6927981745832986,0.016310441064944493
Garch_date_sf_36_invert.png,0,0.0,0.5976508554770351,0.223192839758229,0.01656176220772125,0.3010752688172043,0.006423074229398697,0.8958906629482748,0.6927981745832986,0.016310441064944493
Griliches_iq_school80_17.png,0,0.30614693767199286,0.8537951138539697,0.1000311942517138,0.058578908868341675,0.6963350785340314,0.5119927779899595,0.4092630027838249,0.7487270369307354,0.2698631282724443
Heating_ocec_pbgc_96.png,0,0.2536277316238334,0.7390915148823491,0.008566450766734015,0.024820216731474474,0.053738317757009345,0.5186549786128524,0.48074457859541164,0.3811972367281441,0.0007093627209016858
Hedonic_crim_indus_55.png,0,0.33896220557719714,0.9014735469948746,0.11918015724877658,0.06279051957448784,0.6721311475409836,0.03595192603366449,0.7984301870762459,0.8006559766763849,0.554494807624317
Hedonic_nox_dis_54.png,0,0.027387893069100017,0.7259624763648126,0.06210262093190526,0.03223201037080366,0.12448132780082988,0.27099816751274364,0.6324149582966841,0.4622411312704551,0.751751100991509
Hedonic_rm_lstat_49.png,0,0.26919022625763067,0.7296127636837005,0.014892446899423482,0.035675306579227836,0.05519480519480519,0.40448666625638063,0.5722540558617213,0.3423694854520834,0.4594173552995303
Hedonic_rm_rad_40.png,0,0.13647501826705252,0.7480377285566419,0.43395340451889514,0.04592887211465411,0.5842105263157895,0.18699804294795,0.5607047388915241,0.7162851727657094,0.02128717451691321
Highway1_trks_lwid_35.png,0,0.0,0.9865171653503139,0.03418803418803419,0.33540380964869654,0.14285714285714285,0.0,1.0,0.3429999999999999,0.07371666464160954
MCAS_speced_pctel_16.png,0,0.6408149430113861,0.896118961154875,0.031651899954648115,0.0891827791489499,0.03896103896103896,0.887671503992535,0.31908122079853174,0.36073795276050613,0.038677861216877024
Mroz_ageh_unemprate_40.png,0,0.07230220000991137,0.8193115101257751,0.2154214543708909,0.0356397181189047,0.7796610169491526,0.004853384003298718,0.45717432530596736,0.8299454167373516,0.0012626775195599565
Produc_year_util_39.png,0,0.0,0.8279840673643019,0.06891438191442147,0.047695326776261766,0.5218855218855218,0.32892314919355514,0.5321071883521936,0.629737609329446,0.009983854913827573
VietNamH_educyr_lnrlfood_17.png,0,0.24106233416510794,0.8441498012601971,0.0579987555512395,0.02809156052326522,0.720754716981132,0.5271478232645408,0.2754979235573005,0.7685340316893265,0.069858163362564
WHO_Adult_mortality_rate_probability_of_dying_between_15_to_60_years_per_1000_population_both_sexes___Prevalence_of_HIV_among_adults_aged_gt15_years_per_100_000_population_0.7.png,0,0.6278950979728577,0.8843381595136441,0.04690679323696551,0.08954240676759315,0.08695652173913043,0.7538393478625229,0.4302272614469589,0.437693695066809,0.3056343888573292
WHO_Adult_mortality_rate_probability_of_dying_between_15_to_60_years_per_1000_population_male___Healthy_life_expectancy_HALE_at_birth_years_both_sexes_25.png,0,0.47654832971693256,0.7738342657202454,0.03723210399251649,0.04810556107065018,0.09523809523809523,0.6333662739083379,0.49871096309473373,0.421875,0.746853447933912
WHO_Democracy_score___Stomach_cancer_number_of_female_deaths_0.2.png,0,0.47951039471683976,0.15224594063739338,0.10710046458490363,0.0507780364681996,0.23684210526315788,0.29320873469675857,0.6868820621353924,0.600677490234375,0.2335357775774986
WHO_Exports_of_goods_and_services___Measles_immunization_16.png,0,0.7288450877063865,0.833242312387106,0.03009560318264928,0.06314025871669737,0.07692307692307693,0.6172783653485214,0.29581129083978,0.44048450727377336,0.12723623526543762
WHO_Healthy_life_expectancy_HALE_at_birth_years_male___Breast_cancer_number_of_female_deaths_0.6.png,0,0.5767605692155138,0.8503495479876085,0.035070664152081606,0.05738646490751442,0.06097560975609756,0.3926447555737197,0.5545267649949714,0.4614012021036814,0.015042609096132722
WHO_Infant_mortality_rate_per_1_000_live_births_both_sexes___Liver_cancer_number_of_new_male_cases_0.5.png,0,0.43841132747516204,0.7335988847207182,0.05784803831866815,0.0397238034829598,0.49019607843137253,0.2715050214010764,0.6639658074991773,0.7611572285690801,0.014951311307677375
WHO_Life_expectancy_at_birth_years_male___Infant_mortality_rate_30.png,0,0.30637244375367567,0.7425229707881033,0.09401620721854217,0.049106097711987554,0.15,0.1281184558149269,0.5931631212773874,0.381511496594216,0.3772158589834212
WHO_Literacy_rate_adult_male___Total_CO2_emissions_0.7.png,0,0.4372376256466315,0.7540817154254643,0.23697080552705171,0.04287079077564982,0.359375,0.4303511223955087,0.5513369284274068,0.669921875,0.3686238817738156
WHO_Population_in_urban_areas___Liver_cancer_deaths_per_100_000_men_96.png,0,0.23236185919306404,0.6558962050635626,0.03799562687998169,0.05135407674375085,0.08333333333333333,0.47925029283989634,0.46710139655203964,0.38185162569449155,0.12673050925774704
WHO_Ratio_of_nurses_and_midwives_to_physicians___Measles_immunization_23.png,0,0.5095329565133075,0.8122977476238404,0.08633196236814265,0.07928326358662449,0.08333333333333333,0.3281370834655581,0.4189216760486416,0.3777630481280617,0.07347008104126752
affect_lie_BDI_0.3.png,0,0.17408991918170366,0.9495781897174473,0.1259841507397303,0.12915399424319962,0.5168539325842697,0.6269239973722042,0.24899460806394647,0.6956853311806975,0.015486292159430292
attenu_mag_accel_19.png,0,0.22905118647418324,0.6763941603243993,0.19437566357801453,0.07985981712467194,0.2692307692307692,0.3557196508962325,0.5867188896228615,0.5392606940269411,0.006320883423831922
baseball_X2b_ibb_1.png,0,0.2438015053313668,0.7056660932012448,0.25240861095211214,0.01587370705028918,0.04473684210526316,0.5393297570565562,0.5097737859300056,0.36144435847276596,0.23140846994608932
baseball_bb_so_97.png,0,0.10730746568875735,0.608584498473443,0.0374320229603782,0.022966929500830253,0.017374517374517374,0.4887563959242689,0.4117535236383746,0.3233590201146989,0.48071355711524283
baseball_cs_cs_86_invert.png,0,0.2622035145119228,0.736763041168307,0.009114271199619696,0.02727027967982689,0.9354838709677419,0.0,1.0,1.0,1.0
baseball_g_cs_62.png,0,0.06840630655330736,0.5465929919146788,0.05811004012359913,0.016818401196940197,0.18168812589413447,0.4734871081372448,0.5508839431756473,0.39339340045078897,0.3722683009396908
baseball_sb_gidp_19.png,0,0.0974876942579496,0.6237069881780815,0.23392996092683105,0.020159235899026413,0.29061371841155237,0.3706832474621615,0.5738865748369717,0.4870963665003032,0.04584101190614556
biopsy_V8_V9_30.png,0,0.1942205736176728,0.9529409110651514,0.016888972038329057,0.12752602131606766,0.058823529411764705,0.244456492107418,0.6363508641337677,0.37006692627994403,0.2590821050319864
cache_AsianPerCap_MedNumBR_0.9.png,0,0.3448043358832598,0.9084313306860768,0.6652451858936437,0.05573455095539857,0.6973684210526315,0.0011620212691400619,0.8875512783486978,0.8006559766763849,0.04283712427439248
cache_FemalePctDiv_rapesPerPop_18.png,0,0.24241164566836257,0.6843715785639872,0.009076732080333548,0.017991796599821284,0.02546296296296296,0.4755404262262771,0.5447621694759816,0.38768627025462954,0.2527683471533868
cache_HousVacant_LemasGangUnitDeploy_55.png,0,0.43116968868716854,0.9500590479218256,0.1044870701978106,0.13652495072994647,0.48148148148148145,0.0007697298857553671,0.8481416773875423,0.5477084898572503,0.5766602563304956
cache_NumKindsDrugsSeiz_larcenies_30.png,0,0.2651415795979595,0.8482665652856152,0.026692138677559128,0.051526610585807694,0.11842105263157894,0.2885896070064238,0.49477332093023974,0.34558541629543227,0.34145077648655114
cache_PctEmplManu_LemasSwFTFieldOps_0.7.png,0,0.4605478965539352,0.8287121803012237,0.03624775333302417,0.023655666063471865,0.25,0.23076898615165972,0.6986953854604615,0.669921875,0.011596921271400823
cache_PctEmplManu_PctPolicAsian_0.png,0,0.4392590987588722,0.8906870330148953,0.052476178698084644,0.03571298248363329,0.4090909090909091,0.3129424121666714,0.5728860824760604,0.66779738860946,7.345015012910238e-05
cache_PctEmplManu_RacialMatchCommPol_11.png,0,0.19691389724624905,0.7546315286406907,0.06496913602320444,0.031569653150420325,0.11974110032362459,0.37459208875231764,0.5156261965984466,0.43054339603396535,0.0026184028588576
cache_PctEmploy_PctKids2Par_62.png,0,0.19021643018187728,0.7390844940969028,0.008113295610128336,0.01923972707349084,0.04678362573099415,0.44752323523111914,0.5672378740517146,0.3309643927937666,0.38049927399690125
cache_PctFam2Par_ViolentCrimesPerPop_49.png,0,0.2771191846578574,0.7889773961478065,0.018866159830406005,0.02326391682069515,0.06837606837606838,0.4029000367949089,0.5703624341370078,0.4298850729125386,0.42977237079094593
cache_PctHousLess3BR_LemasPctPolicOnPatr_78.png,0,0.28124445724817426,0.7622586168683717,0.07806484466803382,0.02550437102974822,0.1937984496124031,0.3036566364096719,0.43889846747520556,0.4177117900497039,0.06494222141755848
cache_PctHousLess3BR_LemasSwFTPerPop_14.png,0,0.45581381857160885,0.8659388822115043,0.09099255872081508,0.029016179657162376,0.31645569620253167,0.3411792849592711,0.6019972121216952,0.529789941777268,0.0814596607281491
cache_PctHousOccup_nonViolPerPop_23.png,0,0.4726377471483675,0.8553914750249291,0.026904233351201248,0.025763305292903847,0.010416666666666666,0.38502125356897005,0.3299484544412934,0.2879894140800795,0.12889015010825666
cache_PctImmigRec10_MedOwnCostPctIncNoMtg_11.png,0,0.18260171576477663,0.7291972420781256,0.006360063323400138,0.019305956966682556,0.037604456824512536,0.44887111492023596,0.5315717002343179,0.4293726045587006,0.02557719136532298
cache_PctKids2Par_OwnOccLowQuart_18.png,0,0.22914072601592675,0.762260506665495,0.008789345028882558,0.02073413631738249,0.025906735751295335,0.30697602780413125,0.5390633928387366,0.3480939767928164,0.254325365600709
cache_PctKidsBornNeverMar_autoTheftPerPop_0.5.png,0,0.393014406116151,0.803425169680965,0.01571089039659822,0.025009093377422437,0.05307262569832402,0.4071186178511252,0.4404936959722656,0.4565949784142515,0.2500354510841812
cache_PctNotHSGrad_PctHousNoPhone_12.png,0,0.2161230738877858,0.765266779073521,0.0068186660984444905,0.020461469939011663,0.06608695652173913,0.3060643595678547,0.48583795176470035,0.3599771905522163,0.5875944487149085
cache_PctNotSpeakEnglWell_LemasGangUnitDeploy_7.png,0,0.2554212346457165,0.8757425822136571,0.18456807567552588,0.04296789861682224,0.7373737373737373,0.0012271442201307518,0.8897443588684186,0.8776956936324323,0.07087013461395204
cache_PctOccupManu_PctRecentImmig_23.png,0,0.37805505701452347,0.8348517561280548,0.012363303290795439,0.02749840050355879,0.03480278422273782,0.3796326084771323,0.39694964671642596,0.3777630481280617,0.07935894578824433
cache_PctRecImmig8_LemasPctPolicOnPatr_24.png,0,0.30462134533556445,0.7733086274033647,0.30150017088787734,0.028742144098299872,0.14473684210526316,0.2783369104320702,0.5871273500463619,0.4149211576019931,0.10037996550630877
cache_PctRecImmig8_assaults_42.png,0,0.5905465186461565,0.8916541220862171,0.03089361527679882,0.0332781886788159,0.06060606060606061,0.28016859265546595,0.621693394967101,0.5499110682824199,0.1299117328060951
cache_PctWOFullPlumb_PctForeignBorn_8.png,0,0.4638858817945253,0.8773227698852739,0.024820600385547502,0.03293892117567647,0.05161290322580645,0.31849737912064213,0.5115230585620631,0.34800722079667346,0.0008037912177026982
cache_PctWorkMom_PolicReqPerOffic_0.4.png,0,0.44532738616202316,0.854598453962873,0.032492838951990254,0.03655373550618971,0.12556053811659193,0.3763991337190068,0.37092407485528145,0.35800049266502976,0.0015434630264148722
cache_PctWorkMom_nonViolPerPop_11.png,0,0.20974379080093677,0.73675910734125,0.007104136562341125,0.01941145478470303,0.03327495621716287,0.4316957289054693,0.5102468458894767,0.35697743986698793,0.0016594576559784836
cache_PersPerOwnOccHous_larcPerPop_23.png,0,0.3155431056507912,0.8197108226326058,0.0069301930861685925,0.02343883595144106,0.0572289156626506,0.41221894559773375,0.3472383044042331,0.34651191825936717,0.1695109530526827
cache_RentMedian_robbbPerPop_11.png,0,0.2364719776113913,0.7808970988534282,0.011767407903914142,0.02216243320836798,0.043912175648702596,0.34252965372417216,0.6041956035377585,0.30112711981521334,0.01596943080756406
cache_RentQrange_PctPolicWhite_78.png,0,0.4025051846210269,0.8116924570404467,0.13789036442984856,0.029331201696538033,0.22272727272727272,0.23536767594353608,0.4515639587184268,0.45593370063080785,0.012132341124271664
cache_agePct16t24_ViolentCrimesPerPop_77.png,0,0.1922860217200872,0.7732292930500511,0.02664715556644086,0.023065547257914494,0.06301369863013699,0.23663957198959987,0.6571674544373843,0.3314155300920218,0.028575019356054915
cache_agePct65up_PersPerOwnOccHous_49.png,0,0.27243659202175613,0.7885746501161468,0.013339185052428896,0.0208691335998685,0.038781163434903045,0.31975388676398264,0.4703266341778324,0.33019221962141254,0.42678969324606203
cache_communityCode_PctRecImmig5_77.png,0,0.30887859899770065,0.8372395918384476,0.03037947977469496,0.028742144098299872,0.11139896373056994,0.2109811358402817,0.610485736448214,0.365165734115006,0.0003700787725251926
cache_fold_RacialMatchCommPol_17.png,0,0.1893706417212511,0.8878809953049052,0.12338880619800763,0.062181884845292475,0.6904761904761905,0.6317581662143549,0.19379492622209316,0.7713435851183265,0.0026964175071494565
cache_fold_racePctHisp_17.png,0,0.1427941838898215,0.9069518392912679,0.09146507056198575,0.062181884845292475,0.6823104693140795,0.4884532561218873,0.45904082093196763,0.7834587097167969,0.0019141654045351157
cache2_horsepower_citympg_90.png,0,0.31133499714683993,0.7315725016812011,0.10131117304856206,0.05957738959441093,0.0684931506849315,0.4257472963758022,0.5418036934263046,0.4293196827093897,0.7330908986309483
cache_householdsize_PctSameHouse85_70.png,0,0.27291817604427815,0.8022488353022517,0.006072255102288656,0.023406138187158858,0.03508771929824561,0.3684450177847391,0.4739668904743848,0.3659277821791055,0.0008786794209809483
cache_medFamInc_OwnOccMedVal_49.png,0,0.31006196666442903,0.8037680363710683,0.01105166179769005,0.02367723986281525,0.045346062052505964,0.32890669068749073,0.5400057220973782,0.36648526000976556,0.6196855405844188
cache_medIncome_PctFam2Par_0.7.png,0,0.12182318875003648,0.6413508234286649,0.009167055556807687,0.016818404213766115,0.03736263736263736,0.3290636760881293,0.5430231067749152,0.3720016648886322,0.6350164432701346
cache_pctWFarmSelf_RacialMatchCommPol_8.png,0,0.3409157355645109,0.8014752105894114,0.03872234398242283,0.027209082963687566,0.1553398058252427,0.1255515769308229,0.45030947529773513,0.44845617857861914,0.0005365924802119539
cache_pctWPubAsst_RentHighQ_62.png,0,0.11478959782493087,0.6821993922156133,0.008489462145551557,0.017282550588003938,0.032507739938080496,0.4117015167838762,0.5963729425403332,0.3666401565673148,0.3216361652424098
cache_pctWWage_PctEmploy_90.png,0,0.23995402538583616,0.732335494256379,0.007990040815967023,0.020210399449717694,0.039603960396039604,0.37333132287378346,0.4948197944070205,0.3098306296296296,0.786976581249598
cache_racePctWhite_NumKindsDrugsSeiz_39.png,0,0.025941693428030297,0.8298493682709096,0.0214009255376329,0.04935022002261998,0.5224913494809689,0.49835168358680837,0.4079219974530244,0.6687965865315754,0.06427742141284681
cache_racePctWhite_PctWOFullPlumb_23.png,0,0.39551333102255054,0.8341611250052328,0.04307284393097675,0.027830607994084395,0.05958549222797927,0.47719706511441023,0.4042662381198884,0.3929332492708157,0.157186726095968
cache_rapesPerPop_ViolentCrimesPerPop_0.1.png,0,0.29789459737977275,0.7771742193476917,0.04966676299872601,0.023329665185865857,0.023809523809523808,0.37236527137440745,0.5762178480098826,0.36868550824083046,0.17502453917704183
car90_FrontHd_HP_39.png,0,0.09819147251081509,0.7665151365204744,0.06015422830115856,0.11287692166690848,0.26666666666666666,0.4325763781983184,0.49351250405050506,0.48723020869588196,0.015381897934133292
epi_V10_V29_0.1.png,0,0.0,0.6150683088259765,0.003355696059364656,0.3571210738573607,0.0,0.0,1.0,0.037037037037037035,0.14863500264699744
epi_V29_V36_3.png,0,0.0,0.6473789402049548,0.003876102044255243,0.35571163413494655,0.0,0.0,1.0,0.5120000000000001,0.14631254876140343
epi_V8_V33_0.4.png,0,0.0,0.6473789402049548,0.004152005141155356,0.35571163413494655,0.0,0.0,1.0,0.5120000000000001,0.1652364447992821
epi2_epilie_bfcon_17.png,0,0.19295821783450848,0.8607513759382659,0.1892026436511924,0.11366762372223192,0.6640625,0.7729848084864078,0.16355930106003347,0.7184857401167092,0.05275137335806615
incomeInequality_median_quintile4_34_invert.png,0,0.0,0.5808003336759469,0.1565973140362339,0.05873059128222238,0.2830188679245283,0.19071270412625616,0.7683734525476515,0.602161865569273,0.9894482897100559
insurance_hu_site_limit_point_granularity_55.png,0,0.5678206996573327,0.9457520858043703,0.2767409905339296,0.15051201296321876,0.5185185185185185,0.1514829081976866,0.2571811618789692,0.6575162324319882,0.4381994574712583
iqitems_rotate3_rotate6_28.png,0,0.0,0.4714427662909787,0.002390703931946256,0.09124482598030914,0.013157894736842105,0.6798571118174679,0.20467531822774765,0.34558541629543227,0.027073966187062558
msq_Impulsivity___MSQ_Round_0.1.png,0,0.0,0.9585977568719561,0.07380632154550633,0.07754752834221373,0.42857142857142855,0.5055823129706883,0.0669244008557407,0.532120013120669,3.1088541068461395e-05
msq_TA_Lie_17.png,0,0.21377666453328573,0.9276351561965923,0.32474734805817096,0.0437070681049279,0.7195767195767195,0.5753171418627632,0.21736981259142463,0.7775211350593695,0.0005412564089098833
msq_active_wideawake_58.png,0,0.0,0.43115540184624757,0.00270257113995844,0.23542464055310028,0.07142857142857142,0.0,1.0,0.5477084898572503,0.3945072843350021
msq_aroused_jittery_0.5.png,0,0.0,0.43115540184624757,0.004691110700325588,0.23542464055310028,0.07142857142857142,0.0,1.0,0.5477084898572503,0.14391956408807563
msq_content_strong_1.png,0,0.0,0.43115540184624757,0.001750529033836717,0.23542464055310028,0.07142857142857142,0.0,1.0,0.5477084898572503,0.14556491435559293
msq_energetic_excited_0.3.png,0,0.0,0.43115540184624757,0.0019731840425264748,0.23542464055310028,0.07142857142857142,0.0,1.0,0.5477084898572503,0.5419577235230835
msq_relaxed_sluggish_0.6.png,0,0.0,0.43115540184624757,0.003960099997364508,0.23542464055310028,0.07142857142857142,0.0,1.0,0.5477084898572503,0.003617972358877889
msq_sluggish_Extraversion_0.8.png,0,0.01790908437598286,0.4152180598757783,0.47691420443179766,0.031750058234590824,0.7653061224489796,8.98208687651298e-05,0.7589918864395823,0.8149530701154901,0.0009358908901554668
newpainters_Drawing_Expression_0.2.png,0,0.0,0.5023472627604071,0.0023124708341456975,0.3358402796987982,0.0,0.0,1.0,0.1865889212827988,0.30269212634315196
radarImage_Xcoord_Ycoord_79.png,0,0.001668895305166397,0.5459517174448937,0.012581832528705874,0.014623166285931636,0.043248945147679324,0.35990548657797017,0.6232007412648911,0.2690020753712078,0.0013907969481106246
Cars93_MaxPrice_MPGcity_25.png,1,0.3506527836477435,0.7253191750455755,0.05116482867719957,0.06530789910920773,0.07042253521126761,0.6941775347500528,0.4019773344117765,0.36024266044606285,0.540095472490744
Crime_prbarr_wtuc_8.png,1,0.5769289208860882,0.8811674294610994,0.023979784779045114,0.04641530148280142,0.07526881720430108,0.14385907540719198,0.5498979239820472,0.3581302186545879,0.01055631636099117
Florida_BUCHANAN_HAGELIN_0.9.png,1,0.7314244484978646,0.870998475879569,0.04889845759469218,0.08751736639482993,0.04,0.8598851813832693,0.2087662647128643,0.5120000000000001,0.6777193814766882
Mroz_hoursw_income_23.png,1,0.35502673741118707,0.7916638808175361,0.03626772814345133,0.035054403035915845,0.11702127659574468,0.3267426173079783,0.38532196109430217,0.4180857263399266,0.02770473898053022
WHO_Number_of_existing_TB_cases_estimated___Stomach_cancer_number_of_new_male_cases_0.9.png,1,0.8749522390466082,0.9828200790923667,0.03219314756082428,0.7233576943585479,0.3076923076923077,0.6231130544129647,0.4833282035379606,1.0,0.18907542229297727
WHO_Number_of_pharmaceutical_personnel___Lung_cancer_number_of_new_male_cases_0.8.png,1,0.8708594676099763,0.9586079738151368,0.023045262690715124,0.3084012391353751,0.0,0.9530764286359885,0.21477413211375107,0.5477084898572503,0.793443687630946
WHO_Per_capita_total_expenditure_on_health_PPP_int___Income_per_person_99.png,1,0.5035613423250863,0.8723576692966315,0.21000000000000002,0.09329435425036914,0.07407407407407407,0.32382928812180545,0.5657563759248514,0.5235484417963646,0.5526607353914952
WHO_Ratio_of_nurses_and_midwives_to_physicians___Under5_mortality_rate_probability_of_dying_by_age_5_per_1000_live_births_male_18.png,1,0.28704254534757495,0.8416220208383186,0.03373605153133583,0.08301123362777693,0.05982905982905983,0.4831322174852402,0.40796280843958366,0.4493801951398052,0.2037227411290204
cache_LemasSwFTPerPop_PctPolicMinor_51.png,1,0.7957726803491636,0.896988169161959,0.004255716049844549,0.04154208154389902,0.05102040816326531,0.10391521925189219,0.41152444028617374,0.3152032964677641,0.3889496697376469
cache_NumKidsBornNeverMar_burglaries_0.1.png,1,0.7870704687831739,0.9282896161354107,0.012097911867762675,0.05886224627035753,0.0,0.6417096736352659,0.22302450539092977,0.32030908295669924,0.7714003829111232
cache_burglPerPop_arsons_42.png,1,0.5083739986249132,0.8560272635674485,0.14788398126778365,0.03250200472283559,0.024691358024691357,0.2753320618346075,0.4007304352859854,0.5120000000000001,0.3402041762198155
cpus_chmin_perf_51.png,1,0.9052033518605379,0.8766945665294743,0.05893404526768223,0.08407336395612927,0.16666666666666666,0.5062154272374612,0.2954244947132414,0.4850583090379008,0.4384396272139179
gilgais_e00_e30_99.png,1,0.6090524735918265,0.8266703635394597,0.0682202956161489,0.04877289684429983,0.05357142857142857,0.40031065638290525,0.5400757658709838,0.30713534935211884,0.5525267386033633
gilgais_e30_e80_49.png,1,0.23297021844342364,0.8033515671906977,0.027147346598745584,0.0488057848432119,0.02358490566037736,0.44719200221344846,0.5052322402834462,0.324951171875,0.49036558508854483
usda2_Magnesium___Folate_Tot_18.png,1,0.3666117817834089,0.869842915816225,0.0332756452061877,0.03995897604328257,0.04672897196261682,0.4331374034384459,0.5290423076629145,0.5208784166511011,0.2187597569186782
usda2_Niacin___Vit_E_8.png,1,0.5429310951304517,0.927097172459222,0.03809484879501183,0.06365573809296916,0.15178571428571427,0.1913432473914893,0.36061151260189683,0.4506296296296297,0.015355537608528676
usda2_Phosphorus___Vit_B12_42.png,1,0.46608655180595726,0.8514655016738214,0.01998661074776446,0.03394245025129986,0.10344827586206896,0.14851067936651177,0.6364494129449565,0.4850583090379008,0.1686954221249683
BudgetItaly_pfood_phouse_34.png,2,0.0,0.9032163593989837,0.09517844134464341,0.06799168587997222,0.225,0.07604459537507842,0.8602296960474873,0.8464454227785126,0.9982785402613247
Cars93_Fueltankcapacity_Weight_90.png,2,0.06714878299058318,0.5663087881056403,0.07304056235045121,0.0748326953093097,0.08,0.5148865167579575,0.5453035108493249,0.41476489806650146,0.8000994042681897
Dyestuff2_Yield_Yield_0.2.png,2,0.0,0.806351061867608,0.22104290237562677,0.12997531296821327,0.92,0.03528226802224043,0.7641427209062185,1.0,1.0
EfronMorris_r_r_0.9.png,2,0.0,0.49514876312639733,0.016935846482893813,0.13078115165906073,0.8181818181818182,0.0,1.0,1.0,1.0
Ginzberg_fatalism_adjfatal_0.7.png,2,0.05751691804830594,0.7358355467540606,0.0744031707000245,0.0958072752445274,0.14754098360655737,0.6386530762725123,0.5597867441000106,0.24756310765089867,0.7799352661953969
Heating_ocgr_ocgr_0.1.png,2,0.0,0.6331227932926633,0.04065054792457442,0.02082464570254499,0.9342105263157895,0.010024386766996915,0.7530372281568912,1.0,1.0
Hospital_29_29_0.1.png,2,0.0,1.0799611213974103e-05,0.0,0.999989200388786,0.0,0.0,1.0,1.0,1.0
StrikeNb_time_time_20.png,2,0.0,0.4520860045346452,0.025778492801905986,0.0217282085203642,0.975,0.0,1.0,1.0,1.0
WHO_Colon_and_Rectum_cancer_deaths_per_100_000_women___Colon_and_Rectum_cancer_deaths_per_100_000_women_0.8.png,2,0.16057890658382842,0.747454773117733,0.155595657993994,0.043818250705476215,0.9298245614035088,0.03568630040796872,0.7659499256365744,1.0,1.0
affect_state2_state2_1.png,2,0.4215259049686317,0.8249145547480808,0.11027475194627596,0.034803059415181796,0.9512195121951219,0.0,1.0,1.0,1.0
baseball_cs_cs_86.png,2,0.2622035145119228,0.736763041168307,0.009114271199619696,0.02727027967982689,0.9354838709677419,0.0,1.0,1.0,1.0
epi_V28_V28_0.3.png,2,0.0,0.29422850502889597,0.0,0.5005552165214572,0.0,0.0,1.0,1.0,1.0
epi_V2_V2_27.png,2,0.0,0.29422850502889597,0.0,0.5005552165214572,0.0,0.0,1.0,1.0,1.0
heptathlon_longjump_score_25.png,2,0.3547917537059012,0.8471919168897682,0.1602344269851885,0.18886917728913524,0.1,0.41878018123887084,0.16769418092838495,0.536376953125,0.5723063942101518
incomeInequality_median_quintile4_34.png,2,0.0,0.5808003336759469,0.1565973140362339,0.05873059128222238,0.2830188679245283,0.19071270412625616,0.7683734525476515,0.602161865569273,0.9894482897100559
longley_GNPdeflator_GNPdeflator_0.3.png,2,0.0,0.8291326621016719,0.27857413653770546,0.2226714028050444,0.8571428571428571,0.0,1.0,1.0,1.0
volcano_V42_V45_34.png,2,0.0,0.6785490015203302,0.08298231545257823,0.0724175146363064,0.2222222222222222,0.48400054352154687,0.6518403500131313,0.5721770320465889,0.963236773378542
Cars93_MinPrice_EngineSize_25.png,3,0.28675989522857087,0.7753008301074026,0.07620548854339518,0.14918332241796062,0.1111111111111111,0.5130253955328189,0.4419623692345024,0.2555828971324533,0.6099406561254861
Guerry_Crime_parents___Distance_28.png,3,0.10454476809472307,0.5694649959470255,0.05775612647308678,0.10615636593693507,0.04878048780487805,0.7637356164564818,0.42501965721050317,0.4614012021036814,0.07258704514929484
Guerry_Wealth_Area_28.png,3,0.2606130653238224,0.6801769632493685,0.03960878357522381,0.11956303672026561,0.08108108108108109,0.6879076431964167,0.369030940378812,0.3377767401603498,0.004952021551356698
HC_ichgc_ichec_79.png,3,0.10417057665254949,0.6155062270578788,0.03654450963068971,0.05718569401519928,0.09134615384615384,0.5998758830216318,0.5238304148413562,0.4347886579291538,0.12207673728474132
HC_ichgc_occa_28.png,3,0.21190526897757608,0.7469684442684255,0.03330376914812107,0.0658872278973702,0.06829268292682927,0.6990301957904989,0.3523213644608473,0.29332344603861793,0.009382574257984375
LifeCycleSavings_pop75_ddpi_24.png,3,0.11292915131951728,0.6444827966368198,0.40287177427427556,0.13109329325378896,0.02127659574468085,0.3763633117668787,0.5657369815961777,0.3224256559766764,0.007448737998903418
StrikeNb_strikes_time_28.png,3,0.06421659982174749,0.5843612685692976,0.10074468917333076,0.11366783765641486,0.052083333333333336,0.6576865462993541,0.37971254205232763,0.3152032964677641,0.06303557294551045
WHO_Adult_literacy_rate___Life_expectancy_at_birth_years_male_97.png,3,0.07696710701683375,0.7683250730035063,0.11122657639264459,0.09967802924228525,0.08771929824561403,0.5556448216278461,0.4898480353486413,0.3980908211503972,0.39235305212639154
WHO_Agestandardized_mortality_rate_for_cardiovascular_diseases_per_100_000_population___Literacy_rate_adult_female_56.png,3,0.3597142991053427,0.7378040315480486,0.048416442972642026,0.07551038072651126,0.11711711711711711,0.2604075463648525,0.5666181975447075,0.5203932768965234,0.02505365220790995
WHO_Agestandardized_mortality_rate_for_noncommunicable_diseases_per_100_000_population___Infant_mortality_rate_30.png,3,0.1864377737551393,0.7200824551915497,0.08636987899150154,0.05489392914844492,0.14583333333333334,0.30307624199574373,0.5571178499451503,0.4293196827093897,0.392765947874568
WHO_Agestandardized_mortality_rate_for_noncommunicable_diseases_per_100_000_population___Lung_cancer_new_cases_per_100_000_men_18.png,3,0.26130088530949713,0.7526849953665902,0.033246519915371184,0.07264499262629191,0.11678832116788321,0.4364958155516287,0.515725331163128,0.43381415999275125,0.309571017762942
WHO_Agriculture_contribution_to_economy___Urban_population_pct_of_total_97.png,3,0.18782395925300072,0.6751149767606582,0.051547269042850785,0.06594651622239561,0.0896551724137931,0.47376853274965885,0.5111967714889596,0.3429999999999999,0.551887435735961
WHO_Breast_cancer_new_cases_per_100_000_women___Democracy_score_13.png,3,0.08394207393157663,0.3916495359841652,0.14340961911391273,0.06385350827769001,0.2222222222222222,0.3153052985305779,0.6136435217535026,0.508485138170651,0.2036079493736648
WHO_Children_under_five_years_of_age_overweight_for_age___Old_version_of_Income_per_person_0.8.png,3,0.6493015516919183,0.8618261601782534,0.07189017925012325,0.10675842226659248,0.05,0.741743244200171,0.3129733761458261,0.4129624457008562,0.1593860418815258
WHO_Colon_and_Rectum_cancer_deaths_per_100_000_men___Stomach_cancer_deaths_per_100_000_women_0.8.png,3,0.21936650596667553,0.7204583885891838,0.053139001016362125,0.059514259798625485,0.16153846153846155,0.3119927136891546,0.4344923994650305,0.39330642210383177,0.007361390426166301
WHO_Colon_and_Rectum_cancer_deaths_per_100_000_women___Health_expenditure_total_0.4.png,3,0.09870151862245038,0.6702987530535103,0.10061855158899684,0.0673256210006125,0.06711409395973154,0.679236349626955,0.3711744534539714,0.4365902661035712,0.2382285594333909
WHO_Deaths_among_children_under_five_years_of_age_due_to_pneumonia___Prevalence_of_current_tobacco_use_among_adolescents_1315_years__male_28.png,3,0.21970005062238707,0.5462737903378667,0.055316849678642616,0.06943535856278828,0.08333333333333333,0.5292530045433855,0.3166100264412912,0.5002153016469205,0.049372832310896834
WHO_Fixed_line_and_mobile_phone_subscribers___Health_expenditure_public_pct_of_total_health_expenditure_1.png,3,0.08451588088385226,0.6804953597002312,0.0850349249132428,0.06725878056003735,0.10625,0.5714645813259017,0.5427511569815953,0.428606921898683,0.16667727298688872
WHO_Healthy_life_expectancy_HALE_at_birth_years_both_sexes___Prevalence_of_current_tobacco_use_among_adolescents_1315_years__male_46.png,3,0.3079003246655503,0.686338285546102,0.03489636222360086,0.06408852882196235,0.09649122807017543,0.6210063715447434,0.24496425820982182,0.4551661356395085,0.03774090471229465
WHO_Healthy_life_expectancy_HALE_at_birth_years_both_sexes___Roads_paved_62.png,3,0.036657456435855613,0.6848807340743901,0.1271790085700145,0.05793484419263455,0.10526315789473684,0.3128295240563236,0.5607051634380149,0.40796817129629637,0.3109019893813454
WHO_Hospital_beds_per_10_000_population___Improved_water_source_49.png,3,0.2677479984482439,0.7255426397824797,0.04044675679006453,0.06622721067327804,0.12307692307692308,0.43254772759449756,0.5621298576574021,0.41779236716947604,0.3803009639655506
WHO_Hospital_beds_per_10_000_population___Life_expectancy_at_birth_years_both_sexes_4.png,3,0.30726710041598904,0.7128637159682442,0.036017575694861075,0.0484382123984559,0.05442176870748299,0.5306539456637018,0.4976234807362029,0.480662037037037,0.30885046967153096
WHO_Improved_water_source___Primary_completion_rate_total_4.png,3,0.13538490521957783,0.7445637468967921,0.03562748314165343,0.0978242208992309,0.08130081300813008,0.7241234988623827,0.19442773615293962,0.45241312214070084,0.3875359581156342
WHO_Life_expectancy_at_birth___Lung_cancer_deaths_per_100_000_men_0.6.png,3,0.11700588397487797,0.699497267215923,0.11059324866416462,0.06749243600309071,0.0364963503649635,0.5374255595499996,0.4827961922277959,0.3750453388142922,0.5005477106359603
WHO_Life_expectancy_at_birth_years_female___Primary_completion_rate_total_12.png,3,0.054562387797010184,0.7359280009741744,0.04674664595919274,0.056167176673721765,0.03875968992248062,0.1702681095980574,0.5496503197416551,0.33407848770495285,0.4556218112813624
WHO_Neonatal_mortality_rate_per_1_000_live_births___Urban_population_pct_of_total_97.png,3,0.13981381300054418,0.7007270099053675,0.02571102533842209,0.07023458862073378,0.03067484662576687,0.6399465507554952,0.5663968491112442,0.40548276372143294,0.4879449432569529
WHO_Neonates_protected_at_birth_against_neonatal_tetanus_PAB___Deaths_from_TB_per_100_000_estimated_0.9.png,3,0.18571059109490995,0.6368100334695486,0.8661221944550656,0.0579908844825694,0.11956521739130435,0.30486358216847786,0.47793549461215645,0.4399529491968674,0.1988000547015898
WHO_Population_in_urban_areas___Income_per_person_49.png,3,0.3017619779708781,0.7812669321974183,0.05285182492646627,0.0706250178372289,0.08450704225352113,0.3222750783523247,0.50683964228418,0.33489797668038407,0.35673795049417917
WHO_Population_median_age_years___Agricultural_land_0.1.png,3,0.12875512488392327,0.6399034256927292,0.08735291093372728,0.0673679300291981,0.07738095238095238,0.4530621873761374,0.5150329664055371,0.4840790529898898,1.0033270376761897e-05
WHO_Population_proportion_under_15___Population_with_sustainable_access_to_improved_drinking_water_sources__rural_62.png,3,0.21015470227747257,0.6819365605413715,0.12572252157381664,0.057578019704151835,0.12987012987012986,0.3379173547885402,0.42609517534852515,0.41150149500920374,0.29873944173465544
WHO_Population_with_sustainable_access_to_improved_sanitation__rural___Population_with_sustainable_access_to_improved_sanitation__urban_90.png,3,0.3330117700522967,0.6253178712808628,0.03634655320056633,0.06942007873749606,0.096,0.5723604620768529,0.5622748589734325,0.41762796828606447,0.8329034093086992
WHO_Years_of_life_lost_to_noncommunicable_diseases___Literacy_rate_youth_male_0.2.png,3,0.15193884290196621,0.7405309632611352,0.047703198326546736,0.07685780021184092,0.1206896551724138,0.4039932444463616,0.5476552081203729,0.32801672885317157,0.565781818114284
cache2_normalizedlosses_highwaympg_19.png,3,0.08491561178651111,0.7944404906899097,0.25130746113877317,0.07689225372897354,0.18803418803418803,0.29759370403342134,0.5738344419813539,0.41725597189913094,0.10326556703102531
car90_RearHd_RearShld_4.png,3,0.5036063887691282,0.5800001187503359,0.10070292915572007,0.04847025068321566,0.13725490196078433,0.7331616255451462,0.3756656682183347,0.32030908295669924,0.3798143205533965
epi2_bfcon_stateanx_96.png,3,0.22074876832624316,0.7139698902096326,0.02657380554670933,0.06650878200445307,0.057291666666666664,0.5199266891704385,0.3542504630294805,0.2931991476663588,0.05856201185590953
pulpfiber_X2_Y3_12.png,3,0.21062080005496445,0.7053288014105167,0.33099015703704004,0.11893108308173565,0.03773584905660377,0.3021336034121933,0.47668190951783396,0.25193176847937016,0.6545336847190957
votes_X1888_X1976_0.4.png,3,0.4678268302887278,0.7828610505424058,0.30142758741856895,0.15553663366336634,0.2631578947368421,0.15856005054957376,0.45883752587836946,0.5120000000000001,0.06985803431453437
AustralianElections_Com_Turnout_85.png,4,0.19643209766991462,0.9035191902932521,0.1560088635346694,0.47813425549059646,0.7777777777777778,5.034821834871386e-05,0.8030669494285889,1.0,0.13559383997279292
Crime_wtrd_wfed_12.png,4,0.34960937794171604,0.6789139216269984,0.03685151265938712,0.018116753649307846,0.008,0.37336715677048415,0.7290958964305041,0.33064085029328766,0.534017739289135
DoctorContacts_fmde_age_37.png,4,0.008583620107013629,0.5535680569107309,0.7518730937331326,0.02073537751418749,0.09044368600682594,0.2522760277997561,0.5695374925478223,0.36588147783689046,0.00033461152419377716
Hedonic_indus_nox_51.png,4,0.7121075808839592,0.8525691896954609,0.49826651549272255,0.07537630886951664,0.25,0.16688578249069352,0.2767541396302926,0.5269116977696859,0.6428144170745216
Hedonic_zn_dis_76.png,4,0.06116545631540477,0.8438702138096132,0.06382986969963464,0.0644305300367363,0.4396551724137931,0.28673409475763784,0.6130001295804761,0.5646467458286939,0.4541601223952717
Langren_Year_Longitude_37.png,4,0.05739711071144795,0.8669659024516296,0.6090396115381121,0.12749904635875262,0.2692307692307692,0.04247861155181017,0.5791026255596619,0.41114988452266565,0.049226218815290275
PSID_educatn_earnings_48.png,4,0.23647779767026902,0.8110688592350054,0.08706734326877881,0.021978271358141604,0.10483870967741936,0.06329859770218114,0.5348348282759432,0.5120000000000001,0.12186494079888685
PatentsHGH_ardsic_logr_40.png,4,0.0,0.6843401942005443,0.05537855090908776,0.01881521479703612,0.3246753246753247,0.0047692304819705374,0.826604011745703,0.7642682215743439,0.02233944768263075
WHO_Broadband_subscribers___Merchandise_trade_0.4.png,4,0.5616706440577715,0.9027955594508135,0.05474878885872949,0.0981038888854964,0.3333333333333333,0.4138709676637616,0.5412201405343575,0.5688396501457728,0.00452853391874901
WHO_Colon_and_Rectum_cancer_number_of_new_female_cases___Urban_population_pct_of_total_0.3.png,4,0.5620409537298097,0.8618076217918244,0.057919064693290015,0.06935126660204655,0.21518987341772153,0.5150383326814211,0.6689419018819183,0.5787037037037038,0.03889024568664654
WHO_Deaths_among_children_under_five_years_of_age_due_to_measles___Improved_water_source_97.png,4,0.17819250901875924,0.7594043890026905,0.022432764250743944,0.10471772114306283,0.07291666666666667,0.7040964961285372,0.38850529915994636,0.39437037037037026,0.5272417542465706
WHO_Number_of_nursing_and_midwifery_personnel___Medical_Doctors_0.3.png,4,0.4799198107102258,0.8620747185958686,0.07977718686301706,0.0860441064118173,0.08695652173913043,0.421819669539085,0.5229188754830946,0.44530728775356876,0.23175433923223457
cache_LemasSwFTFieldOps_LemasPctPolicOnPatr_47.png,4,0.609679781492247,0.8747364258275341,0.019536036163342194,0.04701362042769279,0.08771929824561403,0.5211550387477896,0.5463603017231302,0.47932933344291945,0.8172293972370511
cache_OfficAssgnDrugUnits_LemasPctOfficDrugUn_0.4.png,4,0.6897797169477291,0.8389776323908353,0.00852104192701679,0.031448121890295735,0.07142857142857142,0.3782762988543773,0.5960886159467583,0.421875,0.32686334215454954
cache_indianPerCap_PctPolicWhite_8.png,4,0.5104729324072537,0.8373330344686756,0.09745373688353966,0.027876434812532543,0.12359550561797752,0.16188927921441404,0.6318664954912199,0.4648502001894325,0.014260954114764282
cache_pctUrban_PctSameState85_24.png,4,0.34584660065181455,0.8372834868798716,0.3461722456897079,0.03359124036629378,0.21518987341772153,0.106786241818456,0.5929381547953656,0.48849355346605267,0.009952744507521231
cache_population_PctPolicMinor_8.png,4,0.5183934095880235,0.9127391344347799,0.022783537451605232,0.047424510847043036,0.07317073170731707,0.36937967254378307,0.4708319512114113,0.4283987255348202,0.01797917903323605
cache_population_PctSameState85_0.4.png,4,0.46676525929279333,0.8729034182610862,0.11901082130408334,0.031569653150420325,0.13186813186813187,0.3087417200269522,0.5648095680359901,0.4159609511861888,0.10222452805945106
votes_X1864_X1920_37.png,4,0.2794855276704791,0.745951702598623,0.8010060412031805,0.12768210113059167,0.4,0.1461830264799444,0.15510583511112774,0.6205220842662325,0.39191817572239707
AustralianElections_LPSeats_LP_33.png,5,0.0,0.5964043033746503,0.09684297896130038,0.22753575599375897,0.0,0.04883054233090173,0.6154924310905507,0.244140625,0.36963747658508544
BtheB_bdi6m_bdi8m_25.png,5,0.3098299992861863,0.7326316677169293,0.07284276971756193,0.16902981329062952,0.06666666666666667,0.7172856402234499,0.33507117119870367,0.4705075445816187,0.703739971528697
Cars93_Fueltankcapacity_Width_97.png,5,0.11007142358568536,0.4907864534926799,0.04797844164050221,0.08065052125479148,0.09523809523809523,0.5101588455008105,0.41063777831874493,0.3965694566039661,0.5899548878459215
University_clernum_resgr_0.3.png,5,0.6729794298326051,0.8196650578016947,0.06743107699704826,0.12689637337354553,0.08333333333333333,0.27051115767276296,0.4733346646540332,0.4444707683335764,0.4290184265240102
WHO_Total_fertility_rate_per_woman___Children_under_five_years_of_age_stunted_for_age_97.png,5,0.0,0.5321663791764433,0.030348919703686677,0.08392646998757403,0.038461538461538464,0.5604338004021933,0.5395019638068081,0.3318161128812016,0.5771969718670817
cache2_width_horsepower_4.png,5,0.19869807133055772,0.7421361135451103,0.21839013776994542,0.09743208744819859,0.04938271604938271,0.7668565281885619,0.27853757879333596,0.350280419947044,0.47131839437548695
iris_SepalLength_PetalLength_0.6.png,5,0.23460344821750778,0.6468458149888334,0.5127620460179286,0.05462155074763923,0.05357142857142857,0.34956838479573193,0.593838751479161,0.4029879437453043,0.8038119749022464
neo_E4_C4_97.png,5,0.28760698948921865,0.48566895484118167,0.10281432962371295,0.143247216050254,0.0,0.6300185727840696,0.5098261176483017,0.32030908295669924,0.557089724192932
stackloss_WaterTemp_stackloss_0.2.png,5,0.2363520716549779,0.6329156459729844,0.2579925398034357,0.22688888888080933,0.125,0.13327694639944926,0.49877427958023735,0.421875,0.6843220349302296
toxicity_Ecarb_Emet_12.png,5,0.0,0.541604517196017,0.09060380254087934,0.14732622764717343,0.05405405405405406,0.28270272051271644,0.49348903595454574,0.23304506144742834,0.44221595869534636
votes_X1892_X1936_99.png,5,0.5383908756673026,0.8445335124090646,0.22360030954256127,0.17927137482264396,0.075,0.09767411962210203,0.43765867807536296,0.26567055393586014,0.524169984893812
votes_X1912_X1932_0.1.png,5,0.07852579519074075,0.6453723767459625,0.10539870226954556,0.12594580867917202,0.06521739130434782,0.26567160726549,0.5056698034381661,0.3644314868804665,0.3625766458249966
Cigar_pop16_sales_19.png,6,0.057137668265306855,0.7113053540352471,0.0459660729442295,0.020323908892663233,0.1436950146627566,0.13593197867394635,0.7212450908261299,0.4860175539330735,0.0015212211396954702
Garch_cd_dy_19.png,6,0.03436642542820323,0.666114856766465,0.07652518826141316,0.01699441840182313,0.05476190476190476,0.10464619978971647,0.8360562049703908,0.43338005646259853,0.07187284683348108
Prostitutes_Year_count_34.png,6,0.0565647883083858,0.47353931045687203,0.05278369701201451,0.021944661083169437,0.17575757575757575,0.1050296964349936,0.8070546059622259,0.5148287229035213,0.9196706964282448
incomeInequality_realGDPperFamily_meanmedian_67.png,6,0.0,0.576886160123643,0.055770774550457605,0.054744553427438856,0.2542372881355932,0.09002737652104494,0.7777178631321773,0.6922507965407373,0.6316335114008488
incomeInequality_realGDPperFamily_meanmedian_67_invert.png,6,0.0,0.576886160123643,0.055770774550457605,0.054744553427438856,0.2542372881355932,0.09002737652104494,0.7777178631321773,0.6922507965407373,0.6316335114008488
klein_Wp_K1_13.png,6,0.11777082639847583,0.4109209108297607,0.1603176437679378,0.19277371754416817,0.2631578947368421,0.040490659940566616,0.4703272018994019,0.669921875,0.06933733352686668
menarche_Age_Menarche_9.png,6,0.6313827525340439,0.9463824050403181,0.03813727376977867,0.07327998449278554,0.7142857142857143,0.2404137641355563,0.74283141964345,1.0,0.9358926699551263
volcano_V19_V61_0.8.png,6,0.0,0.384091371023757,0.09579935925082284,0.0902195356360533,0.3389830508474576,0.09688313564952834,0.7383310785323073,0.7938322410201697,0.40152449572071386
Forbes2000_rank_sales_5.png,7,0.26616317472637513,0.7603881128660991,0.041579421866697164,0.01970591395958835,0.022222222222222223,0.21299952261413796,0.6617260241636209,0.43381415999275125,0.6799571480420927
MedExp_lpi_fmde_40.png,7,0.29766597631802694,0.7781751970819379,0.4922871267605942,0.027021662714525236,0.43548387096774194,0.05677741233430835,0.5507771425518697,0.6472834825031341,0.19825619739820063
WHO_Adolescent_fertility_rate___Per_capita_government_expenditure_on_health_at_average_exchange_rate_US_0.2.png,7,0.2171434709415299,0.7112445278491552,0.10233679341886079,0.04613884681549363,0.18032786885245902,0.15457906028891377,0.6626956277094762,0.4353380959323517,0.19574896708666725
WHO_Colon_and_Rectum_cancer_new_cases_per_100_000_women___Maternal_mortality_5.png,7,0.32828852035074424,0.713093293447116,0.04714597579086866,0.05145438667582542,0.14285714285714285,0.24006628611079342,0.6490188214461616,0.36960065133319764,0.5887326683800693
WHO_Deaths_among_children_under_five_years_of_age_due_to_diarrhoeal_diseases___Broadband_subscribers_per_100_people_67.png,7,0.05715142084506605,0.6072281091280545,0.12362256792388622,0.055200213248227686,0.29896907216494845,0.12694727387544608,0.7355330027736553,0.4833856956549076,0.6501061186624637
WHO_External_resources_for_health_as_percentage_of_total_expenditure_on_health___Old_version_of_Income_per_person_5.png,7,0.33480975554918757,0.681850900425065,0.12094077281270338,0.053202587901230225,0.25609756097560976,0.14715715049148748,0.718761476655877,0.4283987255348202,0.7891933062531994
WHO_Infant_mortality_rate_per_1_000_live_births_male___Internet_users_5.png,7,0.08409139989489736,0.6225181062195971,0.0394348737612967,0.04181827113501298,0.12,0.17912168214049,0.6843981035661486,0.41476489806650146,0.7162807991706204
WHO_Infant_mortality_rate_per_1_000_live_births_male___Lung_cancer_new_cases_per_100_000_men_0.6.png,7,0.14233448958564557,0.7167615427657907,0.06600570161246036,0.05911912689572852,0.11428571428571428,0.38230690746012774,0.507387516275843,0.43712204468841104,0.5880776167805063
WHO_Per_capita_government_expenditure_on_health_PPP_int___Under_five_mortality_from_IHME_5.png,7,0.3536140021754032,0.7650640504992545,0.1342084601337518,0.044664709549914965,0.26666666666666666,0.09984687124975433,0.6760334020970488,0.6015446857072763,0.760822719937467
WHO_Population_with_sustainable_access_to_improved_sanitation__rural___Income_per_person_24.png,7,0.28246390959821444,0.7071682990736079,0.19504538330933038,0.04965148423653608,0.13533834586466165,0.1699519295330198,0.6307760622399186,0.4259056257423604,0.1086529599931903
WHO_Under5_mortality_rate_probability_of_dying_by_age_5_per_1000_live_births_female___Income_per_person_0.3.png,7,0.210252210470796,0.7916435231117473,0.09828660912544421,0.047587110537904806,0.0603448275862069,0.0909264839210275,0.7273633118705136,0.4359363616699687,0.7832125249871161
affect_02_MEQ_37.png,7,0.1965532645850531,0.6978797766741702,0.6519865545444948,0.06005408603307235,0.23776223776223776,0.30651037618120214,0.32305368790412503,0.5218248944634066,0.001419157835200745
usda2_Calcium___Vit_A_IU_42.png,7,0.7143614616434601,0.8875275093568702,0.04495066981288084,0.041137506054281466,0.0392156862745098,0.2384934434764817,0.6109786549296065,0.5305042651981428,0.17900206908048133
usda2_Calcium___Vit_A_RAE_0.5.png,7,0.5366242682171055,0.8753073241792177,0.008907778575291375,0.0449507787317338,0.09090909090909091,0.4044393964799636,0.43360597714410687,0.46293920484695433,0.2179362943173684
usda2_Food_Folate___Vit_D1_0.5.png,7,0.4810215047839461,0.9243356118325914,0.02818664141246325,0.05273532206269155,0.375,0.11057658601467887,0.5757470995455063,0.675798349327236,0.16830489993589975
usda2_Phosphorus___Vit_E_8.png,7,0.5308500640236201,0.902933686719076,0.017727511537731735,0.05261205668431238,0.07575757575757576,0.22999603660725343,0.5334965528669007,0.324951171875,0.09543257845977121
AustralianElections_Seats_DLP_29.png,8,0.0,0.817755370408189,0.6043576492414408,0.4097367577096009,0.0,0.060977796946717004,0.6423645954476398,0.7865270823850707,0.09414186209883332
Bechtoldt_Sentences___Letter_Series_61.png,8,0.1893424787430343,0.7015648888707715,0.15047102479826102,0.2930537001224078,0.06666666666666667,0.15751827482646236,0.4290336729257128,0.7865270823850707,0.7123593591679249
Bechtoldt_Sentences___Three_Higher_24.png,8,0.2108873989931445,0.6164547652628112,0.17424951988736143,0.22850996791680406,0.13333333333333333,0.0759173859083407,0.544749117193671,0.5787037037037038,0.24544951197191137
Bundestag2005_FDP_Linke_31.png,8,0.3410166233677417,0.8687301316070828,0.23445441874230694,0.4012606771922628,0.5833333333333334,0.030039498418437727,0.28371284153048304,0.7290000000000001,0.1794132980918993
Klein_I_T_0.2.png,8,0.0,0.6864410870223188,0.17859020881065327,0.2425710686016433,0.047619047619047616,0.10571295579350379,0.6729446361465125,0.421875,0.04854580674534072
OBrienKaiser_pre4_fup3_95.png,8,0.44102531756348456,0.7802560241106932,0.26016308741146993,0.33648696060246464,0.08333333333333333,0.021632066683886016,0.26524376092656876,0.244140625,0.05054131407091383
Pima_skin_ped_96.png,8,0.3529868418262903,0.8079515326448812,0.020280191320443612,0.051775581792728086,0.043668122270742356,0.575797551456436,0.4469827340046726,0.41020016427974015,0.012852613408399048
Reise_phone_paperwork_0.7.png,8,0.7016061474155533,0.9490179461670042,0.16123695651130873,0.6659877195877153,0.23076923076923078,0.7827425053265533,0.2931947303448901,0.7513148009015777,0.004655902929531745
Reise_referral_help_0.8.png,8,0.7606408988340093,0.9722601560219662,0.14745770573409342,0.7465465612503586,0.1,0.5461325009826061,0.4540639036479309,0.669921875,0.38684047466953897
Rubber_loss_tens_13.png,8,0.0,0.35200328800909864,0.16374615334335155,0.19790292965628203,0.034482758620689655,0.13807328064072197,0.5937387477254414,0.38467317806160783,0.0631289644469546
car90_GearRatio_Gear2_0.6.png,8,0.5053693492979142,0.5654409651605554,0.6275981798294316,0.05613625623982463,0.22388059701492538,0.10933511793534723,0.14195970368094468,0.405224,0.09916541535391861
car90_GearRatio_Turning_64.png,8,0.586693710413877,0.7606318081014232,0.5858019414806922,0.04243992915981764,0.08928571428571429,0.21653150118255274,0.18061667001778525,0.421875,0.4555497859703956
waders_S11_S15_0.9.png,8,0.37944656778453495,0.8180543508125804,0.03939626340140569,0.8370751531442414,0.0,0.0030402475223184544,0.5748376896934997,0.2962962962962963,0.1626827475029786
Crime_county_wfed_11.png,9,0.08699253019123654,0.6790233863915616,0.0325372463827086,0.0330630942873679,0.09181636726546906,0.4026155891137007,0.6748129238416822,0.36273908330456817,0.001376310548383319
sitka89_size_tree_19.png,9,0.04580974311519477,0.6899184888838081,0.016126759942925145,0.03751239991130602,0.08860759493670886,0.3772642772392588,0.6710353359741854,0.4151287269037262,0.007665543923381555
